"income_group","model_variant","hansen_stat","hansen_df","hansen_p_value","ar2_statistic","ar2_p_value","wu_statistic","wu_df1","wu_df2","wu_p_value"
"Lower-Middle Income","system_ld",24.9020767691421,6,0.000356006637022883,0.115923238140932,0.907713378481748,0.821268747081335,2,90,0.44314225164983
"Upper-Middle Income","system_ld",21.7163319987641,6,0.00136282803817075,-1.52114923822977,0.128222390621581,2.41807933873778,2,142,0.0927530963345415
"High Income","system_ld",24.0000000001195,6,0.000522258050006455,-0.870936706230103,0.383788713286348,2.9544988527821,2,79,0.0578893121237697
"Low Income","system_ld",16.9999999999948,6,0.00928324433612965,-0.281163887125697,0.778584701725441,0.0307229436288586,2,30,0.969774679914215
