"income_group","model_variant","hansen_stat","hansen_df","hansen_p_value","ar2_statistic","ar2_p_value","wu_statistic","wu_df1","wu_df2","wu_p_value"
"Lower-Middle Income","system_ld",28.7604481925871,24,0.229276838476403,0.0536982413670078,0.957175583967968,NA,NA,NA,NA
"Upper-Middle Income","system_ld",36.0152536342394,24,0.0547006831538734,-1.66122058568809,0.0966691526247989,NA,NA,NA,NA
"High Income","system_ld",23.0853467268711,24,0.514764512228237,-0.103183336747298,0.917817464665139,NA,NA,NA,NA
"Low Income","system_ld",17.0000000000068,24,0.848662045417791,0.211437622991657,0.832545801386091,NA,NA,NA,NA
