"income_group","model_variant","hansen_stat","hansen_df","hansen_p_value","ar2_statistic","ar2_p_value","wu_statistic","wu_df1","wu_df2","wu_p_value"
"Lower-Middle Income","system_ld",7.06420816711796,6,0.314950087613778,0.870247725062001,0.384165039809064,0.821268747081335,2,90,0.44314225164983
"Upper-Middle Income","system_ld",6.16909363672807,6,0.404517324824704,-1.65987639180946,0.0969393216827298,2.41807933873778,2,142,0.0927530963345415
"High Income","system_ld",7.79600768003318,6,0.253432540410462,-1.39481850971109,0.163070575740982,2.9544988527821,2,79,0.0578893121237697
"Low Income","system_ld",-1.41500159900861e-14,6,1,-0.475425627468072,0.634483631699289,0.0307229436288586,2,30,0.969774679914215
